{"cameraMode":{"drawMode":0,"name":"Shaded","section":"Shading Mode"},"sceneLighting":true,"audioPlay":false,"sceneViewState":{"m_AlwaysRefresh":false,"showFog":true,"showSkybox":true,"showFlares":true,"showImageEffects":true,"showParticleSystems":true,"showVisualEffectGraphs":true,"m_FxEnabled":true},"in2DMode":false,"pivot":{"x":27.36832046508789,"y":0.3904637396335602,"z":7.623624801635742},"rotation":{"x":0.03939284756779671,"y":0.8345401883125305,"z":-0.06019391119480133,"w":0.5462441444396973},"size":15.589381217956543,"orthographic":false}